{"num_params":3415042,"_timestamp":1.765809996644871e+09,"_wandb":{"runtime":28},"_runtime":28.419417877,"_step":0}