{"num_params":3420162,"_timestamp":1.7658633699614577e+09,"_wandb":{"runtime":2040},"train/q_halt_accuracy":0,"_runtime":2040.923597333,"_step":13020,"all":{"q_halt_accuracy":1,"q_halt_loss":0.011238972656428814,"steps":16,"accuracy":0,"exact_accuracy":0,"lm_loss":2.3978846073150635},"train/lm_loss":2.3978952727983702,"train/count":0,"train/exact_accuracy":0,"train/q_halt_loss":0.006715297698974609,"train/accuracy":0,"train/steps":0,"train/lr":0.0001}