{"train/steps":1,"train/count":1,"train/accuracy":0.11111111442248027,"_wandb":{"runtime":3331},"_timestamp":1.7657960108772938e+09,"train/q_halt_accuracy":1,"all":{"accuracy":0.11111082881689072,"exact_accuracy":0,"lm_loss":2.1972599029541016,"q_halt_accuracy":1,"q_halt_loss":0.0436236709356308,"steps":1},"_runtime":3331.952461343,"train/exact_accuracy":0,"train/lr":0.0001,"_step":65100,"num_params":20505790,"train/lm_loss":2.197252144375836,"train/q_halt_loss":0}