{"train/exact_accuracy":0,"train/steps":1,"num_params":4528642,"train/lm_loss":2.1972472387632913,"train/accuracy":0.11111111442248027,"_runtime":1839.390094849,"train/lr":0.0001,"_step":65100,"train/q_halt_accuracy":1,"_wandb":{"runtime":1839},"train/q_halt_loss":0,"all":{"steps":1,"accuracy":0.11111082881689072,"exact_accuracy":0,"lm_loss":2.197247266769409,"q_halt_accuracy":1,"q_halt_loss":0.0926472544670105},"_timestamp":1.7657917030129802e+09,"train/count":1}