{"train/accuracy":0,"_step":9,"train/exact_accuracy":0,"train/lm_loss":104.65310835674438,"train/steps":0,"train/q_halt_accuracy":0,"_runtime":95.862584371,"_timestamp":1.7658736124860253e+09,"train/q_halt_loss":0,"train/lr":4.5000000000000003e-07,"_wandb":{"runtime":95},"num_params":3415042,"train/count":0}