{"train/count":1,"train/lm_loss":2.1973214592236054,"_runtime":50.156997505,"_timestamp":1.765789821587925e+09,"train/steps":1,"train/q_halt_loss":0,"_wandb":{"runtime":50},"train/accuracy":0.11111111442248027,"train/q_halt_accuracy":1,"train/lr":4.8899999999999996e-05,"num_params":4528642,"_step":978,"train/exact_accuracy":0}