{"num_params":3440515,"train/steps":0,"train/exact_accuracy":0,"_wandb":{"runtime":16},"_runtime":16.840996744,"train/accuracy":0,"_timestamp":1.7658068495059645e+09,"train/count":0,"train/q_halt_accuracy":0,"_step":9,"train/lr":4.5000000000000006e-08,"train/q_halt_loss":0,"train/lm_loss":102.90877509084135}