{"_step":0,"num_params":3420162,"_wandb":{"runtime":0},"_runtime":0.096866567,"_timestamp":1.7658730722228181e+09}