{"num_params":3415042,"_runtime":51.204811336,"_wandb":{"runtime":51},"_timestamp":1.7658098989732862e+09,"_step":0}