{"_step":0,"num_params":3420162,"_timestamp":1.7658615580679555e+09,"_wandb":{"runtime":11},"_runtime":11.187302705}