{"train/accuracy":0,"train/lm_loss":1.7917594692280547,"_runtime":47535.582706294,"_wandb":{"runtime":47535},"_timestamp":1.7658611556873302e+09,"_step":38860,"train/q_halt_accuracy":0,"num_params":3415042,"train/lr":0.0003,"all":{"accuracy":0,"exact_accuracy":0,"lm_loss":1.7917594909667969,"q_halt_accuracy":1,"q_halt_loss":2.690314531326294,"steps":16},"train/exact_accuracy":0,"train/steps":0,"train/count":0,"train/q_halt_loss":0.006715297698974609}