{"num_params":3440515,"_step":4318,"_timestamp":1.7658083185679448e+09,"train/lm_loss":1.7917594692280547,"train/steps":0,"train/lr":1e-05,"train/count":0,"train/exact_accuracy":0,"train/q_halt_accuracy":0,"train/accuracy":0,"train/q_halt_loss":0.006715297698974609,"_runtime":478.451731249,"_wandb":{"runtime":478}}