{"num_params":20479875,"train/count":1,"train/accuracy":0.5927083591620127,"_step":32550,"train/exact_accuracy":0,"all":{"lm_loss":1.3171706199645996,"q_halt_accuracy":1,"q_halt_loss":0.9021662473678589,"steps":1,"accuracy":0.5300155878067017,"exact_accuracy":0},"_runtime":2762.263823051,"_timestamp":1.765806279927461e+09,"train/steps":1,"train/q_halt_accuracy":1,"train/lm_loss":0.7578364549169315,"_wandb":{"runtime":2762},"train/lr":0.0001,"train/q_halt_loss":0}