{"train/count":0,"train/q_halt_accuracy":0,"train/lr":4.5000000000000006e-08,"train/accuracy":0,"train/lm_loss":102.90877509084135,"train/q_halt_loss":0,"train/exact_accuracy":0,"_runtime":97.413937517,"train/steps":0,"_wandb":{"runtime":97},"num_params":3440515,"_timestamp":1.765807593071586e+09,"_step":9}