{"_step":0,"num_params":3424945,"_timestamp":1.7658086087065768e+09,"_wandb":{"runtime":7},"_runtime":7.043214579}