{"train/exact_accuracy":0,"train/q_halt_accuracy":0,"_runtime":17.005566523,"_timestamp":1.765807745250303e+09,"train/steps":0,"train/q_halt_loss":0,"num_params":3440515,"train/count":0,"_step":9,"train/lm_loss":102.90877509084135,"train/lr":4.5000000000000006e-08,"train/accuracy":0,"_wandb":{"runtime":17}}