{"train/lr":1e-05,"train/exact_accuracy":0,"_wandb":{"runtime":233},"_timestamp":1.765808575843173e+09,"train/q_halt_accuracy":0,"_runtime":233.221497741,"train/accuracy":0,"train/steps":0,"train/count":0,"train/q_halt_loss":0.006715297698974609,"_step":2044,"num_params":3440515,"train/lm_loss":1.7917594692280547}