{"_wandb":{"runtime":0},"_runtime":0.101002431,"_step":0,"num_params":3415042,"_timestamp":1.7658731428840773e+09}